id,company,last_name,first_name,email_address,job_title,business_phone,home_phone,mobile_phone,fax_number,address,city,state_province,zip_postal_code,country_region,web_page
1,Company A,Bedecs,Anna,companya@gmail.com,Owner,1235550100,,,1235550101,123 1st Street,Seattle,WA,99999,USA,
2,Company B,Gratacos Solsona,Antonio,companyb@gmail.com,Owner,1235550100,,,1235550101,123 2nd Street,Boston,MA,99999,USA,
3,Company C,Axen,Thomas,companyc@gmail.com,Purchasing Representative,1235550100,,,1235550101,123 3rd Street,Los Angelas,CA,99999,USA,
4,Company D,Lee,Christina,companyd@gmail.com,Purchasing Manager,1235550100,,,1235550101,123 4th Street,New York,NY,99999,USA,
5,Company E,O’Donnell,Martin,companye@gmail.com,Owner,1235550100,,,1235550101,123 5th Street,Minneapolis,MN,99999,USA,
6,Company F,Pérez-Olaeta,Francisco,companyf@gmail.com,Purchasing Manager,1235550100,,,1235550101,123 6th Street,Milwaukee,WI,99999,USA,
7,Company G,Xie,Ming-Yang,companyg@gmail.com,Owner,1235550100,,,1235550101,123 7th Street,Boise,ID,99999,USA,
8,Company H,Andersen,Elizabeth,companyh@gmail.com,Purchasing Representative,1235550100,,,1235550101,123 8th Street,Portland,OR,99999,USA,
9,Company I,Mortensen,Sven,companyi@gmail.com,Purchasing Manager,1235550100,,,1235550101,123 9th Street,Salt Lake City,UT,99999,USA,
10,Company J,Wacker,Roland,companyj@gmail.com,Purchasing Manager,1235550100,,,1235550101,123 10th Street,Chicago,IL,99999,USA,
11,Company K,Krschne,Peter,companyk@gmail.com,Purchasing Manager,1235550100,,,1235550101,123 11th Street,Miami,FL,99999,USA,
12,Company L,Edwards,John,companyl@gmail.com,Purchasing Manager,1235550100,,,1235550101,123 12th Street,Las Vegas,NV,99999,USA,
13,Company M,Ludick,Andre,companym@gmail.com,Purchasing Representative,1235550100,,,1235550101,456 13th Street,Memphis,TN,99999,USA,
14,Company N,Grilo,Carlos,companyn@gmail.com,Purchasing Representative,1235550100,,,1235550101,456 14th Street,Denver,CO,99999,USA,
15,Company O,Kupkova,Helena,companyo@gmail.com,Purchasing Manager,1235550100,,,1235550101,456 15th Street,Honolulu,HI,99999,USA,
16,Company P,Goldschmidt,Daniel,companyp@gmail.com,Purchasing Representative,1235550100,,,1235550101,456 16th Street,San Francisco,CA,99999,USA,
17,Company Q,Bagel,Jean Philippe,companyq@gmail.com,Owner,1235550100,,,1235550101,456 17th Street,Seattle,WA,99999,USA,
18,Company R,Autier Miconi,Catherine,companyr@gmail.com,Purchasing Representative,1235550100,,,1235550101,456 18th Street,Boston,MA,99999,USA,
19,Company S,Eggerer,Alexander,companys@gmail.com,Accounting Assistant,1235550100,,,1235550101,789 19th Street,Los Angelas,CA,99999,USA,
20,Company T,Li,George,companyt@gmail.com,Purchasing Manager,1235550100,,,1235550101,789 20th Street,New York,NY,99999,USA,
21,Company U,Tham,Bernard,companyu@gmail.com,Accounting Manager,1235550100,,,1235550101,789 21th Street,Minneapolis,MN,99999,USA,
22,Company V,Ramos,Luciana,companyv@gmail.com,Purchasing Assistant,1235550100,,,1235550101,789 22th Street,Milwaukee,WI,99999,USA,
23,Company W,Entin,Michael,companyw@gmail.com,Purchasing Manager,1235550100,,,1235550101,789 23th Street,Portland,OR,99999,USA,
24,Company X,Hasselberg,Jonas,companyx@gmail.com,Owner,1235550100,,,1235550101,789 24th Street,Salt Lake City,UT,99999,USA,
25,Company Y,Rodman,John,companyy@gmail.com,Purchasing Manager,1235550100,,,1235550101,789 25th Street,Chicago,IL,99999,USA,
26,Company Z,Liu,Run,companyz@gmail.com,Accounting Assistant,1235550100,,,1235550101,789 26th Street,Miami,FL,99999,USA,
27,Company AA,Toh,Karen,companyaa@gmail.com,Purchasing Manager,1235550100,,,1235550101,789 27th Street,Las Vegas,NV,99999,USA,
28,Company BB,Raghav,Amritansh,companybb@gmail.com,Purchasing Manager,1235550100,,,1235550101,789 28th Street,Memphis,TN,99999,USA,
29,Company CC,Lee,Soo Jung,companycc@gmail.com,Purchasing Manager,1235550100,,,1235550101,789 29th Street,Denver,CO,99999,USA,
